model,target_range,n_obs,mean_true_temp,mean_prediction,residual_mean,mae,rmse
knn_gridsearch,<10 K,1518,3.9311139657444003,4.836859208318357,-0.9057452425739563,1.769229910623399,4.192775405767191
knn_gridsearch,10-30 K,953,18.487907660020984,20.335339020562778,-1.8474313605417938,5.422737520734912,10.050974405985471
knn_gridsearch,30-77 K,971,50.566395468589086,50.53752665191681,0.028868816672279963,9.628491085957602,13.521670108507324
knn_gridsearch,77-100 K,636,87.00817610062893,81.2352001413621,5.772975959266829,8.317919899074113,14.047198429741954
knn_gridsearch,>=100 K,162,114.09148148148148,106.74606013962209,7.345421341859397,10.984551451164224,19.439185483187902
