model,mse,rmse,mae,r2
knn_gridsearch,114.90746606435913,10.719490009527465,5.724650730413034,0.9023847451531262
hist_gradient_boosting,115.45697343595599,10.745090666716404,6.291584699195245,0.9019179321256017
ridge_cv,334.880073887171,18.299728792721794,12.475219416389004,0.7155154066548908
linear_regression,334.90928196005035,18.300526821926475,12.474248086746233,0.715490594050668
lasso_cv,336.2314491349409,18.33661498573117,12.520342381378795,0.7143673973590376
dummy_regressor,1469.034170107417,38.32798155535218,27.668922813725334,-0.24796194542731986
