model,fit_time_seconds,train_mse,train_rmse,train_mae,train_r2,test_mse,test_rmse,test_mae,test_r2,model_metadata
knn_gridsearch,6.06933771000331,59.572457519541196,7.71831960465108,3.922137132604235,0.9492671330150335,114.90746606435913,10.719490009527465,5.724650730413034,0.9023847451531262,"{""best_params"": {""regressor__n_neighbors"": 3}, ""best_score"": -0.16929061346616953}"
hist_gradient_boosting,3.084586066994234,79.85932568066946,8.93640451639637,5.281191938735617,0.9319905084335737,115.45697343595599,10.745090666716404,6.291584699195245,0.9019179321256017,{}
ridge_cv,1.0978713749937015,323.21666300876814,17.978227471271136,12.29606721446587,0.7247434694737959,334.880073887171,18.299728792721794,12.475219416389004,0.7155154066548908,"{""best_score"": 0.7621903780335592, ""selected_alpha"": 0.1}"
linear_regression,0.32434771000407636,323.2661224615534,17.97960295617101,12.296016082085568,0.724701349004979,334.90928196005035,18.300526821926475,12.474248086746233,0.715490594050668,{}
lasso_cv,149.15975401300238,324.5589949361122,18.015520945454565,12.344179917451788,0.7236003179243189,336.2314491349409,18.33661498573117,12.520342381378795,0.7143673973590376,"{""selected_alpha"": 0.0001}"
dummy_regressor,0.003983883005275857,1463.6166770155062,38.257243458141446,27.626006359843096,-0.24643960118062092,1469.034170107417,38.32798155535218,27.668922813725334,-0.24796194542731986,{}
