model,n_obs,residual_mean,residual_std,residual_median,residual_q05,residual_q95,mae,rmse
knn_gridsearch,4240,0.41369793010380057,10.712767472671368,0.062299454510023944,-15.481364754620296,16.690383594968054,5.724650730413034,10.719490009527465
hist_gradient_boosting,4240,1.6588818558462672,10.61751722780848,0.6027542999431499,-14.150468544111677,17.91578535700966,6.291584699195245,10.745090666716404
ridge_cv,4240,3.9721972700508457,17.865525470284613,1.5178510526640423,-24.637176252155463,35.79065359858531,12.475219416389002,18.299728792721794
linear_regression,4240,3.971880190611077,17.86641359619894,1.5211156150682812,-24.668878563545295,35.850773687703345,12.474248086746233,18.300526821926475
lasso_cv,4240,4.021433920557792,17.892317398828716,1.5333242684162889,-24.6218874781313,35.853185974831526,12.520342381378795,18.33661498573117
dummy_regressor,4240,17.084717229175755,34.31361685566394,2.5313217103078287,-16.36867828969217,77.53132171030782,27.668922813725334,38.32798155535218
