{
  "count": 21197.0,
  "mean": 34.49453222036137,
  "std": 34.27646500789606,
  "min": 0.00021,
  "q25": 5.38,
  "median": 20.0,
  "q75": 63.0,
  "max": 185.0,
  "skew": 0.8558996652434142
}